{
    "Agent": {
        "total": 0.04166579246520996
    },
    "Env": {
        "apply_act": 0.3512585163116455,
        "observation_computation": 0.1461493968963623,
        "powerflow_computation": 0.2916393280029297,
        "total": 0.7890472412109375
    },
    "total": 0.9376909732818604
}