{
    "Agent": {
        "total": 0.09663009643554688
    },
    "Env": {
        "apply_act": 2.276087760925293,
        "observation_computation": 0.8921892642974854,
        "powerflow_computation": 1.7411365509033203,
        "total": 4.909413576126099
    },
    "total": 5.827371120452881
}