{
    "Agent": {
        "total": 35.96436882019043
    },
    "Env": {
        "apply_act": 1.6034138202667236,
        "observation_computation": 0.6380274295806885,
        "powerflow_computation": 1.6043214797973633,
        "total": 3.8457627296447754
    },
    "total": 43.215662717819214
}