{
    "Agent": {
        "total": 12.780662775039673
    },
    "Env": {
        "apply_act": 0.9965052604675293,
        "observation_computation": 0.38545799255371094,
        "powerflow_computation": 0.9398314952850342,
        "total": 2.3217947483062744
    },
    "total": 17.2102370262146
}