{
    "Agent": {
        "total": 22.044660806655884
    },
    "Env": {
        "apply_act": 2.9158527851104736,
        "observation_computation": 0.6561744213104248,
        "powerflow_computation": 1.5915539264678955,
        "total": 5.163581132888794
    },
    "total": 27.756126880645752
}