{
    "Agent": {
        "total": 0.06907153129577637
    },
    "Env": {
        "apply_act": 1.3942735195159912,
        "observation_computation": 0.5219409465789795,
        "powerflow_computation": 1.1987533569335938,
        "total": 3.1149678230285645
    },
    "total": 3.6533610820770264
}